<?xml version="1.0" encoding="UTF-8"?>
<infoList vendor="NXP">&#x0A;<info chip="MIMXRT1064xxxxA" name="MIMXRT1064xxxxA">&#x0A;<chip>&#x0A;<name>MIMXRT1064xxxxA</name>&#x0A;<family>MIMXRT1064</family>&#x0A;<vendor>NXP</vendor>&#x0A;<memory can_program="true" id="Flash" is_ro="true" size="4096" type="Flash"/>&#x0A;<memory id="RAM" size="1024" type="RAM"/>&#x0A;<memoryInstance derived_from="Flash" driver="MIMXRT1064.cfx" id="PROGRAM_FLASH" location="0x70000000" size="0x400000"/>&#x0A;<memoryInstance derived_from="RAM" id="SRAM_DTC" location="0x20000000" size="0x20000"/>&#x0A;<memoryInstance derived_from="RAM" id="SRAM_ITC" location="0x0" size="0x20000"/>&#x0A;<memoryInstance derived_from="RAM" id="SRAM_OC" location="0x20200000" size="0xc0000"/>&#x0A;<memoryInstance derived_from="RAM" id="BOARD_SDRAM" location="0x80000000" size="0x1e00000"/>&#x0A;<memoryInstance derived_from="RAM" id="NCACHE_REGION" location="0x81e00000" size="0x200000"/>&#x0A;</chip>&#x0A;<processor>&#x0A;<name gcc_name="cortex-m7">Cortex-M7</name>&#x0A;<family>Cortex-M</family>&#x0A;</processor>&#x0A;</info>&#x0A;</infoList>
